name_decoded,nb_path,ratio_finished
Zebra,1071,0.972922502334267
Telephone,1312,0.9542682926829268
Viking,1266,0.9462875197472354
Periodic_table,1494,0.9457831325301205
Adolf_Hitler,1022,0.8639921722113503
Chemistry,1180,0.8398305084745763
President_of_the_United_States,1047,0.8118433619866284
Physics,1049,0.8083889418493804
Solar_System,1091,0.8065994500458296
South_America,1144,0.8041958041958042