name,score
Animal,25.61435547936699
Scientific_classification,24.377696537959736
Plant,15.402736669543913
Chordate,15.144300515507213
Bird,12.194922950836691
Mammal,11.739724883434763
Human,11.629789403141922
Bacteria,11.58228861854736
Oxygen,9.876054449265853
Electron,9.608889561987452