name,score
Animal,110825.40322547194
Bird,109069.78202322684
Scientific_classification,68122.25122434883
Human,63711.47377014466
Earth,57436.102053505565
Dinosaur,54560.93776882794
Plant,50389.62417716812
Mammal,48146.182658284895
List_of_elements_by_name,38956.08344672368
Evolution,37578.645933684464