a.name_decoded,nb_path,avg_duration
Republic_of_China,101,92.84158415841584
Adolf_Hitler,677,97.45199409158053
Pluto,120,108.3583333333333
The_Holocaust,198,125.09595959595963
Pakistan,109,126.07339449541286
Berlin,103,126.08737864077666
Penguin,116,126.2758620689655
Banana,129,138.94573643410854
Whale,181,142.6298342541437
Asia,633,142.71721958925744