name,score
Latin,27.301160220648462
World_War_II,22.431920008851154
English_language,22.07238773508785
Animal,20.25386800824604
Scientific_classification,19.883854504801093
French_language,14.29678200452895
20th_century,13.520278680984413
Christianity,13.394093921388775
19th_century,12.997451801737252
World_War_I,12.859702169219187