name,score
19th_century,440461.3388239846
Human,353865.72663966904
World_War_II,345458.53407299164
20th_century,331287.5490708066
Bird,319944.3753889941
English_language,213731.2181656492
Animal,213464.9086294338
Ancient_Rome,204095.54754477384
Scientific_classification,194764.00677396634
Earth,191493.65000938746