a.name_decoded,nb_path,avg_duration
Nuclear_fission,130,632.153846153846
Nitrogen,134,416.61940298507466
Soil,135,394.4592592592593
Mass_media,157,378.1019108280255
University,107,366.8598130841122
Carnivore,104,363.9903846153845
Animation,138,361.31884057970996
Film,397,353.035264483627
DVD,121,351.95041322314046
Poetry,139,347.4244604316546